<!DOCTYPE suite SYSTEM "http://testng.org/testng-1.0.dtd" >

<suite name="regressionSuiteMrrexProd">
    <test name="regressionTestMrrexProd" >
        <parameter name="url" value="https://www.mrrex.com/"></parameter>
        <parameter name="baseUrl" value="mrrex.com/"></parameter>
        <parameter name="login" value="fornaldy@mailinator.com"></parameter>
        <parameter name="password" value="BeDug_44"></parameter>
        <classes>
            <class name="LoginTests"/>
            <class name="BannersTests"/>
            <class name="CategoriesTests"/>
            <class name="GameSearchTest"/>
            <class name="InnerPagesTests"/>
            <class name="PromotionsTests"/>
            <class name="RegistrationTests"/>
            <class name="VIPPageTests"/>
            <class name="LogoClickTests"/>
            <class name="FooterIconsTests"/>
            <class name="CookiePolicyTests"/>
            <class name="MoreGamesButtonTests"/>
            <class name="SportTests"/>
            <class name="DropdownMenuTests"/>
            <class name="PlayGameTests"/>
            <class name="SportTests"/>
        </classes>
    </test>
</suite>
